000000000000000000000000000000,000000000000000000000000000001,textures/niveus/e6wallsupprt
000000000000000000000000000000,000000000000000000000000000001,noshader
000000000000000000000000000000,000000000000000000000000000001,textures/karith/defaultmetal
000000000000000000000000000000,000000000000000000000000000001,textures/transit/evil4_d_techwalls_d_drkmtl_mpanel
000000000000000000000000000000,000000000000000000000000000001,textures/transit/evil4_techtrims_dwtrim_fade
000000000000000000000000000000,000000000000000000000000000001,textures/transit/evil3_support_mtlsupport_wrn
000000000000000000000000000000,000000000000000000000000000001,textures/niveus/e8_base1b
000000000000000000000000000000,000000000000000000000000000001,textures/tremor/e6q3support
000000000000000000000000000000,000000000000000000000000000001,textures/transit/evil4_metals_step
000000000000000000000000000000,000000000000000000000000000001,textures/transit/stannum_transitterrain
000000000000000000000000000000,000000000000000000000000000001,textures/transit/evil4_techfloors_tfloor4plain
000000000000000100000000100000,000000000000000000000000000000,textures/transit/stannum_white
000000000000000000000000000000,000000000000000000000000000001,textures/transit/stannum_object_boxq3_3
000000000000000000000000000000,000000000000000000000000000001,textures/transit/stannum_walkgrateside1
000000000000000000000000000000,000000000000000000000000000001,textures/transit/stannum_metal024
000000000000000001000000000000,000000000000000000000000000001,textures/transit/evil8_floor_e8clangfloor
000000000000000000000000000000,000000000000000000000000000001,textures/niveus/base_floor
000000000000000000000000000000,000000000000000000000000000001,textures/transit/stannum_floor_achtung_clang
000000000000000000000000000000,000000000000000000000000000001,textures/transit/stannum_agrey
000000000000000000000000000000,000000000000000000000000000001,textures/transit/stannum_object_boxq3_4b
000000000000000000000000000000,000000000000000000000000000001,textures/karith/e8_base1c
000000000000000000000000000000,000000000000000000000000000001,textures/transit/evil6_bmtls_e6bmetal
000000000000000000000000000000,000000000000000000000000000001,textures/karith/base_flat_med
000000000000000000000000000000,000000000000000000000000000001,textures/transit/evil8_floor_e8warning128
000000000000000000000000000000,000000000000000000000000000001,textures/transit/evil8_trim_e8support05
000000000000000000000000000000,000000000000000000000000000001,textures/transit/evil3_floors_grt_offmtl
000000000000000000000000000000,000000000000000000000000000001,textures/transit/stannum_escalatortop
000000000000000000000000000000,000000000000000000000000000001,textures/niveus/base_flat_dark
000000000000000000000000000000,000000000000000000000000000001,textures/transit/evil2_basewall_mtl_fnce
000000000000000000000000000000,000000000000000000000000000001,textures/niveus/base_wall
000000000000000000000000000000,000000000000000000000000000001,textures/nexus6/e6boltstrip
000000000000000000000000000000,000000000000000000000000000001,textures/transit/majestic_base_v_ridged_2_minor
000000000000000000000000000000,000000000000000000000000000001,textures/niveus/window_v
000000000000000000000000000000,000000000000000000000000000001,textures/niveus/base_grooved
000000000000000000110010100000,000000000000000000000000000001,textures/common/caulk
000000000000000000000000000000,000000000000000000000000000001,textures/nexus6/base_verts
000000000000000000000000000000,000000000000000000000000000001,textures/niveus/base_small
000000000000000000000000000000,000000000000000000000000000001,textures/transit/stannum_wall_shinybluemetal1
000000000000000000000000000000,000000000000000000000000000001,textures/karith/base_flat_light
000000000000000000000000000000,000000000000000000000000000001,textures/transit/majestic_base_narrow
000000000000000001000000100000,100000000000000000000000000001,textures/transit/evil6_floor_e6grtfloorceil_s
000000000000000000000000000000,000000000000000000000000000001,textures/karith/t-flroddtiledrty
000000000000000000000000000000,000000000000000000000000000001,textures/nexus6/e6trim_ltb
000000000000000000000000000000,000000000000000000000000000001,textures/transit/stannum_tin
000000000000000000000000000000,000000000000000000000000000001,textures/transit/stannum_light1_2
000000000000000000000000000000,000000000000000000000000000001,textures/transit/stannum_object_boxq3_3
000000000000000000000000000000,000000000000000000000000000001,textures/transit/stannum_floor_diamond2c
000000000000000000000000000000,000000000000000000000000000001,textures/transit/evil8_floor_e8cretefloor_tile
000000000000000000000000000000,000000000000000000000000000001,textures/nexus6/base_h_ridged_2_minor
000000000000000000000000000000,000000000000000000000000000001,textures/transit/stannum_mechground1
000000000000000000000000000000,000000000000000000000000000001,textures/niveus/slats_1
000000000000000000000000000000,000000000000000000000000000001,textures/transit/evil8_trim_e8support06c
000000000000000000000000000000,000000000000000000000000000001,textures/transit/evil8_trim_e8support06
000000000000000000000000000000,000000000000000000000000000001,textures/nexus6/base_red
000000000000000000110000010100,000000000000000000000000000001,textures/transit/sky
000000000000000000000000000000,000000000000000000000000000001,textures/transit/stannum_2mechrock1
000000000000000000000000000000,000000000000000000000000000001,textures/transit/stannum_riflenew
000000000000000000000000000000,000000000000000000000000000001,textures/transit/stannum_blue
000000000000000000000000000000,000000000000000000000000000001,textures/transit/stannum_depart2
000000000000000000000000000000,000000000000000000000000000001,textures/transit/stannum_depart1
000000000000000000000000000000,000000000000000000000000000001,textures/transit/stannum_timetable
000000000000000000000000000000,000000000000000000000000000001,textures/transit/stannum_awesome
000000000000000000000000000000,000000000000000000000000000001,textures/transit/stannum_niveus
000000000000000000000000000000,000000000000000000000000000001,textures/transit/stannum_rifle
000000000000000000000000000000,000000000000000000000000000001,textures/transit/stannum_lflares
000000000000000000000000000000,000000000000000000000000000001,textures/transit/stannum_trem2
000000000000000000000000000000,000000000000000000000000000001,textures/transit/stannum_nexus6
000000000000000000000000100000,000000000000000000000000000001,textures/transit/evil6_trims_e6trim_light_s_nolight
000000000000000000000000000000,000000000000000000000000000001,textures/transit/stannum_walkplate1plain
000000000000000000000000000000,000000000000000000000000000001,textures/transit/evil4_metals_tekwallmulti_wrnlights
000000000000000000000000000000,000000000000000000000000000001,textures/transit/evil4_metals_tekwallmulti_wrn2
000000000000000000000000000000,000000000000000000000000000001,textures/transit/evil4_metals_trim_wrnrivets
000000000000000000000000000000,000000000000000000000000000001,textures/nexus6/e6trim_basic128
000000000000000000000000000000,000000000000000000000000000001,textures/transit/evil2_basefloor_flr_tmtl
000000000000000000000000000000,000000000000000000000000000001,textures/transit/evil6_trims_e6basegrate
000000000000000000000000000000,000000000000000000000000000001,textures/transit/evil6_walls_e6simpwallsupp
000000000000000000000000000000,000000000000000000000000000001,textures/transit/evil4_techfloors_tfloor_rndholes
000000000000000000000000000100,000000000000000000000000000001,textures/transit/stannum_black
000000000000000000000000000000,000000000000000000000000000001,textures/transit/evil4_metals_tekwallmulti_wrn
000000000000000000000000000000,000000000000000000000000000001,textures/transit/evil4_metals_tekwallmulti2_wrn
000000000000000001000000100000,100000000000000000000000000001,textures/transit/evil6_floor_e6xgratebasic_b
000000000000000000000000000000,000000000000000000000000000001,textures/transit/evil6_walls_e6gridergrtwll
000000000000000000000000000000,000000000000000000000000000001,textures/transit/stannum_object_boxq3_4b
000000000000000000000000000000,000000000000000000000000000001,textures/transit/stannum_escalatorside
000000000000000000000000000000,000000000000000000000000000001,textures/transit/stannum_hexatile1
000000000000000000000000000000,000000000000000000000000000001,textures/transit/stannum_hexatile1blood3
000000000000000000000000000000,000000000000000000000000000001,textures/niveus/cr_large_blue
000000000000000000000000000000,000000000000000000000000000001,textures/transit/stannum_wall010_1
000000000000000000000000000000,000000000000000000000000000001,textures/transit/stannum_light1
000000000000000000000000000000,000000000000000000000000000001,textures/transit/acruiser_fitbays
000000000000000000000000000000,000000000000000000000000000001,textures/niveus/cr_large_red
000000000000000100110000000000,100000000000000000000001000000,textures/transit/sfx_fog_timctf1
000000000000000000000010000000,000000000000010000000000000000,textures/common/full_clip
000000000000000100110010110000,100000000000010000000000000000,textures/common/clip
000000000000000100110010111000,100000000000010000000000000000,textures/transit/ladder_s
000000000000000000000000000000,000000000000000000000000000001,textures/transit/stannum_pipe1
000000000000000100000000010000,100000000000000000000000000000,textures/shared_ambient/blood/jher_flood_blood3
000000000000000100000000010000,000000000000000000000000000000,textures/transit/stannum_blood4
000000000000000100000000010000,100000000000000000000000000000,textures/shared_ambient/blood/jher_flood_blood1
000000000000000100000000010000,000000000000000000000000000000,textures/shared_ambient/blood/stannum_blood2
000000000000000100000000010000,000000000000000000000000000000,textures/shared_ambient/blood/stannum_blood3
000000000000000100000000010000,000000000000000000000000000000,textures/transit/stannum_join
000000000000000100000000010000,000000000000000000000000000000,textures/shared_ambient/blood/stannum_blood1
000000000000000100000000010000,000000000000000000000000000000,textures/transit/stannum_tremnet
000000000000000100000000010000,000000000000000000000000000000,textures/transit/stannum_dyp
000000000000000100000000010000,000000000000000000000000000000,textures/transit/stannum_movie
000000000000000100000000010000,100000000000000000000000000000,textures/shared_ambient/blood/jher_flood_blood_writing1
000000000000000000000000000000,000000000000000000000000000001,models/mapobjects/transit/ceillight1/skin
000000000000000000000000000000,000000000000000000000000000001,textures/transit/stannum_bullets
000000000000000000000010000000,000000000000000000000000000001,textures/common/trigger
